{
  "cpf": {
    "path": "/api/consulta/cpf",
    "method": "GET",
    "description": "Consulta básica de CPF"
  },
  "cpf_sus": {
    "path": "/api/consulta/cpf-sus",
    "method": "GET",
    "description": "Consulta CPF através do SUS"
  },
  "cpf_full": {
    "path": "/api/consulta/cpf-full",
    "method": "GET",
    "description": "Consulta completa de CPF"
  },
  "telefone": {
    "path": "/api/consulta/telefone",
    "method": "GET",
    "description": "Consulta por telefone"
  },
  "telefone_full": {
    "path": "/api/consulta/telefone-full",
    "method": "GET",
    "description": "Consulta completa por telefone"
  },
  "nome": {
    "path": "/api/consulta/nome",
    "method": "GET",
    "description": "Consulta por nome"
  },
  "nome_cep": {
    "path": "/api/consulta/nome-cep",
    "method": "GET",
    "description": "Consulta por nome e CEP"
  },
  "nome_uf": {
    "path": "/api/consulta/nome-uf",
    "method": "GET",
    "description": "Consulta por nome e UF"
  },
  "nome_data_nasc": {
    "path": "/api/consulta/nome-data-nascimento",
    "method": "GET",
    "description": "Consulta por nome e data de nascimento"
  },
  "mae": {
    "path": "/api/consulta/mae",
    "method": "GET",
    "description": "Consulta por nome da mãe"
  },
  "mae_full": {
    "path": "/api/consulta/mae-full",
    "method": "GET",
    "description": "Consulta completa por nome da mãe"
  },
  "email": {
    "path": "/api/consulta/email",
    "method": "GET",
    "description": "Consulta por email"
  },
  "cep": {
    "path": "/api/consulta/cep",
    "method": "GET",
    "description": "Consulta por CEP"
  },
  "cep_full": {
    "path": "/api/consulta/cep-full",
    "method": "GET",
    "description": "Consulta completa por CEP"
  },
  "rg": {
    "path": "/api/consulta/rg",
    "method": "GET",
    "description": "Consulta por RG"
  },
  "pis": {
    "path": "/api/consulta/pis",
    "method": "GET",
    "description": "Consulta por PIS"
  },
  "cns": {
    "path": "/api/consulta/cns",
    "method": "GET",
    "description": "Consulta por CNS"
  },
  "score": {
    "path": "/api/consulta/score",
    "method": "GET",
    "description": "Consulta de score"
  },
  "renda": {
    "path": "/api/consulta/renda",
    "method": "GET",
    "description": "Consulta de renda"
  },
  "poder_aquisitivo": {
    "path": "/api/consulta/poder-aquisitivo",
    "method": "GET",
    "description": "Consulta de poder aquisitivo"
  },
  "titulo_eleitor": {
    "path": "/api/consulta/titulo-eleitor",
    "method": "GET",
    "description": "Consulta de título de eleitor"
  },
  "chave_pix": {
    "path": "/api/consulta/chave-pix",
    "method": "GET",
    "description": "Consulta de chaves PIX"
  },
  "placa": {
    "path": "/api/consulta/veiculo/placa",
    "method": "GET",
    "description": "Consulta por placa de veículo"
  },
  "chassi": {
    "path": "/api/consulta/veiculo/chassi",
    "method": "GET",
    "description": "Consulta por chassi"
  },
  "motor": {
    "path": "/api/consulta/veiculo/motor",
    "method": "GET",
    "description": "Consulta por número do motor"
  },
  "renavam": {
    "path": "/api/consulta/veiculo/renavam",
    "method": "GET",
    "description": "Consulta por RENAVAM"
  },
  "foto_condutor": {
    "path": "/api/consulta/foto-condutor",
    "method": "GET",
    "description": "Consulta foto do condutor por estado"
  }
}
