{
  "cpf": {
    "description": "Consulta CPF básico",
    "usage": "CPF",
    "example": "/cpf 12345678901",
    "requiredParams": 1
  },
  "cpfsus": {
    "description": "Consulta CPF através do SUS",
    "usage": "CPF",
    "example": "/cpfsus 12345678901",
    "requiredParams": 1
  },
  "cpffull": {
    "description": "Consulta todos os dados do CPF full",
    "usage": "CPF",
    "example": "/cpffull 12345678901",
    "requiredParams": 1
  },
  "telefone": {
    "description": "Consulta usando telefone",
    "usage": "TELEFONE",
    "example": "/telefone 5511999999999",
    "requiredParams": 1
  },
  "telefone2": {
    "description": "Consulta usando telefone full",
    "usage": "TELEFONE",
    "example": "/telefone2 5511999999999",
    "requiredParams": 1
  },
  "nome": {
    "description": "Consulta usando o nome",
    "usage": "NOME COMPLETO",
    "example": "/nome João da Silva",
    "requiredParams": 1
  },
  "nome2": {
    "description": "Consultar nome + CEP",
    "usage": "NOME CEP",
    "example": "/nome2 João Silva 01234567",
    "requiredParams": 2
  },
  "nome3": {
    "description": "Consultar nome + UF",
    "usage": "NOME UF",
    "example": "/nome3 João Silva SP",
    "requiredParams": 2
  },
  "nome4": {
    "description": "Consultar nome usando nome e data nascimento",
    "usage": "NOME DATA_NASCIMENTO",
    "example": "/nome4 João Silva 01/01/1990",
    "requiredParams": 2
  },
  "mae": {
    "description": "Consultar nome da mãe",
    "usage": "NOME_DA_MAE",
    "example": "/mae Maria da Silva",
    "requiredParams": 1
  },
  "mae2": {
    "description": "Consultar nome da mãe full",
    "usage": "NOME_DA_MAE",
    "example": "/mae2 Maria da Silva",
    "requiredParams": 1
  },
  "email": {
    "description": "Consultar e-mails do cidadão",
    "usage": "EMAIL",
    "example": "/email joao@email.com",
    "requiredParams": 1
  },
  "cep": {
    "description": "Consultar dados por CEP",
    "usage": "CEP",
    "example": "/cep 01234567",
    "requiredParams": 1
  },
  "cep2": {
    "description": "Consultar dados por CEP full",
    "usage": "CEP",
    "example": "/cep2 01234567",
    "requiredParams": 1
  },
  "rg": {
    "description": "Consultar RG do cidadão",
    "usage": "RG",
    "example": "/rg 123456789",
    "requiredParams": 1
  },
  "pis": {
    "description": "Consultar PIS do cidadão",
    "usage": "PIS",
    "example": "/pis 12345678901",
    "requiredParams": 1
  },
  "cns": {
    "description": "Consultar CNS do cidadão",
    "usage": "CNS",
    "example": "/cns 123456789012345",
    "requiredParams": 1
  },
  "score": {
    "description": "Consultar score do cidadão",
    "usage": "CPF",
    "example": "/score 12345678901",
    "requiredParams": 1
  },
  "renda": {
    "description": "Consulta a renda do cidadão",
    "usage": "CPF",
    "example": "/renda 12345678901",
    "requiredParams": 1
  },
  "poderaquisitivo": {
    "description": "Consulta o poder aquisitivo do cidadão",
    "usage": "CPF",
    "example": "/poderaquisitivo 12345678901",
    "requiredParams": 1
  },
  "titulo": {
    "description": "Consultar título eleitor do cidadão",
    "usage": "CPF",
    "example": "/titulo 12345678901",
    "requiredParams": 1
  },
  "chavepix": {
    "description": "Consultar todas chaves PIX cadastradas no CPF",
    "usage": "CPF",
    "example": "/chavepix 12345678901",
    "requiredParams": 1
  },
  "placa": {
    "description": "Consultar placa de veículo",
    "usage": "PLACA",
    "example": "/placa ABC1234",
    "requiredParams": 1
  },
  "chassi": {
    "description": "Consultar chassi do veículo",
    "usage": "CHASSI",
    "example": "/chassi 9BWZZZ377VT004251",
    "requiredParams": 1
  },
  "motor": {
    "description": "Consultar dados motor de um veículo",
    "usage": "NUMERO_MOTOR",
    "example": "/motor 123456789",
    "requiredParams": 1
  },
  "renavam": {
    "description": "Consultar RENAVAM",
    "usage": "RENAVAM",
    "example": "/renavam 12345678901",
    "requiredParams": 1
  },
  "foto": {
    "description": "Consulta foto do condutor por estado",
    "usage": "ESTADO CPF",
    "example": "/foto CE 12345678901",
    "requiredParams": 2
  }
}
